{"cameraMode":{"drawMode":0,"name":"Shaded","section":"Shading Mode"},"sceneLighting":true,"audioPlay":false,"sceneViewState":{"showFog":true,"showMaterialUpdate":false,"showSkybox":true,"showFlares":true,"showImageEffects":true,"showParticleSystems":true},"in2DMode":false,"pivot":{"x":-2.5509910583496095,"y":0.29813480377197268,"z":1.327578067779541},"rotation":{"x":-0.0987074002623558,"y":0.840534508228302,"z":-0.16366532444953919,"w":-0.506929337978363},"size":11.416529655456543,"orthographic":false}