{"cameraMode":{"drawMode":0,"name":"Shaded","section":"Shading Mode"},"sceneLighting":false,"audioPlay":false,"sceneViewState":{"showFog":true,"showMaterialUpdate":false,"showSkybox":false,"showFlares":true,"showImageEffects":true,"showParticleSystems":true},"in2DMode":false,"pivot":{"x":1.1920928955078126e-7,"y":1.544077754020691,"z":0.15374135971069337},"rotation":{"x":-0.08226475119590759,"y":0.9159730672836304,"z":-0.2464265376329422,"w":-0.3057810366153717},"size":6.277011871337891,"orthographic":false}