{"cameraMode":{"drawMode":0,"name":"Shaded","section":"Shading Mode"},"sceneLighting":true,"audioPlay":false,"sceneViewState":{"showFog":true,"showMaterialUpdate":false,"showSkybox":true,"showFlares":true,"showImageEffects":true,"showParticleSystems":true},"in2DMode":false,"pivot":{"x":0.18000000715255738,"y":0.7699999809265137,"z":4.630000114440918},"rotation":{"x":-0.22303888201713563,"y":-0.5890487432479858,"z":0.1736144721508026,"w":-0.7570962905883789},"size":30.181900024414064,"orthographic":true}